0.001000, 20.000000, -0.003354
0.002000, 19.999808, -0.006708
0.003000, 19.999423, -0.010062
0.004000, 19.998847, -0.013416
0.005000, 19.998078, -0.016770
0.006000, 19.997117, -0.020123
0.007000, 19.995964, -0.023477
0.008000, 19.994619, -0.026830
0.009000, 19.993082, -0.030183
0.010000, 19.991353, -0.033536
0.011000, 19.989431, -0.036888
0.012000, 19.987318, -0.040240
0.013000, 19.985012, -0.043592
0.014000, 19.982515, -0.046943
0.015000, 19.979825, -0.050294
0.016000, 19.976943, -0.053644
0.017000, 19.973870, -0.056994
0.018000, 19.970604, -0.060343
0.019000, 19.967147, -0.063692
0.020000, 19.963498, -0.067040
0.021000, 19.959656, -0.070388
0.022000, 19.955623, -0.073735
0.023000, 19.951399, -0.077081
0.024000, 19.946982, -0.080427
0.025000, 19.942374, -0.083771
0.026000, 19.937574, -0.087115
0.027000, 19.932583, -0.090459
0.028000, 19.927400, -0.093801
0.029000, 19.922026, -0.097143
0.030000, 19.916460, -0.100483
0.031000, 19.910703, -0.103823
0.032000, 19.904754, -0.107162
0.033000, 19.898614, -0.110499
0.034000, 19.892283, -0.113836
0.035000, 19.885761, -0.117172
0.036000, 19.879047, -0.120507
0.037000, 19.872143, -0.123840
0.038000, 19.865047, -0.127172
0.039000, 19.857761, -0.130504
0.040000, 19.850283, -0.133834
0.041000, 19.842615, -0.137162
0.042000, 19.834757, -0.140490
0.043000, 19.826707, -0.143816
0.044000, 19.818467, -0.147141
0.045000, 19.810036, -0.150464
0.046000, 19.801415, -0.153786
0.047000, 19.792604, -0.157107
0.048000, 19.783603, -0.160426
0.049000, 19.774411, -0.163744
0.050000, 19.765029, -0.167060
0.051000, 19.755457, -0.170375
0.052000, 19.745695, -0.173688
0.053000, 19.735744, -0.177000
0.054000, 19.725602, -0.180310
0.055000, 19.715271, -0.183618
0.056000, 19.704751, -0.186924
0.057000, 19.694041, -0.190229
0.058000, 19.683142, -0.193532
0.059000, 19.672053, -0.196834
0.060000, 19.660775, -0.200133
0.061000, 19.649309, -0.203431
0.062000, 19.637653, -0.206726
0.063000, 19.625808, -0.210020
0.064000, 19.613775, -0.213312
0.065000, 19.601553, -0.216602
0.066000, 19.589143, -0.219890
0.067000, 19.576544, -0.223176
0.068000, 19.563757, -0.226460
0.069000, 19.550782, -0.229741
0.070000, 19.537619, -0.233021
0.071000, 19.524267, -0.236298
0.072000, 19.510729, -0.239574
0.073000, 19.497002, -0.242847
0.074000, 19.483088, -0.246117
0.075000, 19.468986, -0.249386
0.076000, 19.454698, -0.252652
0.077000, 19.440222, -0.255916
0.078000, 19.425559, -0.259178
0.079000, 19.410709, -0.262437
0.080000, 19.395673, -0.265693
0.081000, 19.380449, -0.268948
0.082000, 19.365040, -0.272199
0.083000, 19.349444, -0.275449
0.084000, 19.333662, -0.278695
0.085000, 19.317694, -0.281939
0.086000, 19.301540, -0.285181
0.087000, 19.285200, -0.288420
0.088000, 19.268675, -0.291656
0.089000, 19.251964, -0.294889
0.090000, 19.235069, -0.298120
0.091000, 19.217988, -0.301348
0.092000, 19.200722, -0.304573
0.093000, 19.183271, -0.307796
0.094000, 19.165635, -0.311015
0.095000, 19.147816, -0.314232
0.096000, 19.129811, -0.317446
0.097000, 19.111623, -0.320656
0.098000, 19.093251, -0.323864
0.099000, 19.074695, -0.327069
0.100000, 19.055955, -0.330271
0.101000, 19.037032, -0.333469
0.102000, 19.017926, -0.336665
0.103000, 18.998636, -0.339858
0.104000, 18.979164, -0.343047
0.105000, 18.959509, -0.346233
0.106000, 18.939671, -0.349416
0.107000, 18.919651, -0.352596
0.108000, 18.899449, -0.355772
0.109000, 18.879064, -0.358945
0.110000, 18.858498, -0.362115
0.111000, 18.837751, -0.365282
0.112000, 18.816821, -0.368445
0.113000, 18.795711, -0.371604
0.114000, 18.774420, -0.374761
0.115000, 18.752948, -0.377913
0.116000, 18.731295, -0.381063
0.117000, 18.709461, -0.384208
0.118000, 18.687448, -0.387350
0.119000, 18.665254, -0.390489
0.120000, 18.642881, -0.393624
0.121000, 18.620328, -0.396755
0.122000, 18.597596, -0.399883
0.123000, 18.574684, -0.403006
0.124000, 18.551594, -0.406126
0.125000, 18.528324, -0.409243
0.126000, 18.504876, -0.412355
0.127000, 18.481250, -0.415464
0.128000, 18.457446, -0.418569
0.129000, 18.433464, -0.421670
0.130000, 18.409304, -0.424766
0.131000, 18.384966, -0.427859
0.132000, 18.360452, -0.430949
0.133000, 18.335760, -0.434034
0.134000, 18.310892, -0.437115
0.135000, 18.285847, -0.440191
0.136000, 18.260626, -0.443264
0.137000, 18.235229, -0.446333
0.138000, 18.209656, -0.449397
0.139000, 18.183907, -0.452458
0.140000, 18.157983, -0.455514
0.141000, 18.131884, -0.458566
0.142000, 18.105610, -0.461613
0.143000, 18.079162, -0.464657
0.144000, 18.052539, -0.467696
0.145000, 18.025742, -0.470730
0.146000, 17.998771, -0.473761
0.147000, 17.971627, -0.476786
0.148000, 17.944309, -0.479808
0.149000, 17.916818, -0.482825
0.150000, 17.889154, -0.485837
0.151000, 17.861318, -0.488845
0.152000, 17.833309, -0.491848
0.153000, 17.805128, -0.494847
0.154000, 17.776776, -0.497841
0.155000, 17.748251, -0.500830
0.156000, 17.719556, -0.503815
0.157000, 17.690689, -0.506795
0.158000, 17.661652, -0.509770
0.159000, 17.632445, -0.512741
0.160000, 17.603067, -0.515707
0.161000, 17.573519, -0.518667
0.162000, 17.543801, -0.521624
0.163000, 17.513915, -0.524575
0.164000, 17.483859, -0.527521
0.165000, 17.453634, -0.530462
0.166000, 17.423241, -0.533399
0.167000, 17.392679, -0.536330
0.168000, 17.361950, -0.539256
0.169000, 17.331053, -0.542178
0.170000, 17.299988, -0.545094
0.171000, 17.268756, -0.548005
0.172000, 17.237358, -0.550911
0.173000, 17.205793, -0.553812
0.174000, 17.174062, -0.556708
0.175000, 17.142165, -0.559598
0.176000, 17.110103, -0.562483
0.177000, 17.077875, -0.565363
0.178000, 17.045482, -0.568238
0.179000, 17.012924, -0.571107
0.180000, 16.980202, -0.573971
0.181000, 16.947316, -0.576830
0.182000, 16.914266, -0.579683
0.183000, 16.881053, -0.582531
0.184000, 16.847676, -0.585373
0.185000, 16.814137, -0.588210
0.186000, 16.780435, -0.591041
0.187000, 16.746571, -0.593867
0.188000, 16.712544, -0.596687
0.189000, 16.678357, -0.599501
0.190000, 16.644008, -0.602310
0.191000, 16.609498, -0.605113
0.192000, 16.574828, -0.607911
0.193000, 16.539997, -0.610703
0.194000, 16.505006, -0.613489
0.195000, 16.469856, -0.616269
0.196000, 16.434546, -0.619043
0.197000, 16.399078, -0.621812
0.198000, 16.363451, -0.624575
0.199000, 16.327665, -0.627332
0.200000, 16.291722, -0.630083
0.201000, 16.255621, -0.632828
0.202000, 16.219362, -0.635567
0.203000, 16.182947, -0.638300
0.204000, 16.146375, -0.641027
0.205000, 16.109647, -0.643749
0.206000, 16.072763, -0.646464
0.207000, 16.035723, -0.649173
0.208000, 15.998528, -0.651875
0.209000, 15.961179, -0.654572
0.210000, 15.923674, -0.657263
0.211000, 15.886016, -0.659947
0.212000, 15.848204, -0.662625
0.213000, 15.810238, -0.665297
0.214000, 15.772119, -0.667962
0.215000, 15.733848, -0.670622
0.216000, 15.695424, -0.673275
0.217000, 15.656848, -0.675921
0.218000, 15.618121, -0.678561
0.219000, 15.579242, -0.681195
0.220000, 15.540213, -0.683822
0.221000, 15.501033, -0.686443
0.222000, 15.461702, -0.689058
0.223000, 15.422222, -0.691666
0.224000, 15.382593, -0.694267
0.225000, 15.342814, -0.696862
0.226000, 15.302887, -0.699450
0.227000, 15.262811, -0.702032
0.228000, 15.222588, -0.704606
0.229000, 15.182217, -0.707175
0.230000, 15.141699, -0.709736
0.231000, 15.101034, -0.712291
0.232000, 15.060223, -0.714839
0.233000, 15.019265, -0.717381
0.234000, 14.978162, -0.719915
0.235000, 14.936914, -0.722443
0.236000, 14.895521, -0.724964
0.237000, 14.853984, -0.727478
0.238000, 14.812303, -0.729985
0.239000, 14.770478, -0.732485
0.240000, 14.728509, -0.734978
0.241000, 14.686398, -0.737464
0.242000, 14.644145, -0.739944
0.243000, 14.601749, -0.742416
0.244000, 14.559212, -0.744881
0.245000, 14.516533, -0.747339
0.246000, 14.473714, -0.749790
0.247000, 14.430754, -0.752234
0.248000, 14.387654, -0.754671
0.249000, 14.344415, -0.757101
0.250000, 14.301036, -0.759523
0.251000, 14.257518, -0.761938
0.252000, 14.213863, -0.764346
0.253000, 14.170069, -0.766747
0.254000, 14.126137, -0.769140
0.255000, 14.082069, -0.771526
0.256000, 14.037864, -0.773905
0.257000, 13.993522, -0.776276
0.258000, 13.949045, -0.778640
0.259000, 13.904432, -0.780997
0.260000, 13.859684, -0.783346
0.261000, 13.814802, -0.785688
0.262000, 13.769785, -0.788022
0.263000, 13.724635, -0.790349
0.264000, 13.679351, -0.792668
0.265000, 13.633935, -0.794979
0.266000, 13.588386, -0.797283
0.267000, 13.542705, -0.799580
0.268000, 13.496892, -0.801869
0.269000, 13.450949, -0.804150
0.270000, 13.404874, -0.806423
0.271000, 13.358669, -0.808689
0.272000, 13.312335, -0.810947
0.273000, 13.265871, -0.813197
0.274000, 13.219278, -0.815440
0.275000, 13.172557, -0.817675
0.276000, 13.125708, -0.819902
0.277000, 13.078731, -0.822121
0.278000, 13.031627, -0.824332
0.279000, 12.984396, -0.826536
0.280000, 12.937039, -0.828731
0.281000, 12.889556, -0.830919
0.282000, 12.841948, -0.833098
0.283000, 12.794215, -0.835270
0.284000, 12.746358, -0.837434
0.285000, 12.698376, -0.839589
0.286000, 12.650271, -0.841737
0.287000, 12.602043, -0.843877
0.288000, 12.553693, -0.846008
0.289000, 12.505220, -0.848132
0.290000, 12.456626, -0.850247
0.291000, 12.407910, -0.852354
0.292000, 12.359074, -0.854453
0.293000, 12.310117, -0.856544
0.294000, 12.261041, -0.858626
0.295000, 12.211845, -0.860701
0.296000, 12.162531, -0.862767
0.297000, 12.113098, -0.864825
0.298000, 12.063547, -0.866874
0.299000, 12.013879, -0.868916
0.300000, 11.964094, -0.870949
0.301000, 11.914192, -0.872973
0.302000, 11.864174, -0.874989
0.303000, 11.814041, -0.876997
0.304000, 11.763793, -0.878996
0.305000, 11.713430, -0.880987
0.306000, 11.662953, -0.882970
0.307000, 11.612363, -0.884944
0.308000, 11.561659, -0.886909
0.309000, 11.510843, -0.888866
0.310000, 11.459915, -0.890815
0.311000, 11.408875, -0.892754
0.312000, 11.357724, -0.894686
0.313000, 11.306462, -0.896608
0.314000, 11.255090, -0.898522
0.315000, 11.203609, -0.900428
0.316000, 11.152018, -0.902324
0.317000, 11.100319, -0.904213
0.318000, 11.048511, -0.906092
0.319000, 10.996596, -0.907963
0.320000, 10.944573, -0.909824
0.321000, 10.892444, -0.911678
0.322000, 10.840209, -0.913522
0.323000, 10.787868, -0.915357
0.324000, 10.735422, -0.917184
0.325000, 10.682871, -0.919002
0.326000, 10.630216, -0.920811
0.327000, 10.577458, -0.922611
0.328000, 10.524596, -0.924402
0.329000, 10.471632, -0.926185
0.330000, 10.418565, -0.927958
0.331000, 10.365397, -0.929723
0.332000, 10.312128, -0.931478
0.333000, 10.258758, -0.933225
0.334000, 10.205288, -0.934962
0.335000, 10.151719, -0.936691
0.336000, 10.098050, -0.938410
0.337000, 10.044283, -0.940120
0.338000, 9.990418, -0.941822
0.339000, 9.936456, -0.943514
0.340000, 9.882397, -0.945197
0.341000, 9.828241, -0.946871
0.342000, 9.773989, -0.948536
0.343000, 9.719642, -0.950191
0.344000, 9.665200, -0.951838
0.345000, 9.610664, -0.953475
0.346000, 9.556034, -0.955103
0.347000, 9.501310, -0.956722
0.348000, 9.446494, -0.958331
0.349000, 9.391586, -0.959932
0.350000, 9.336586, -0.961523
0.351000, 9.281495, -0.963104
0.352000, 9.226313, -0.964677
0.353000, 9.171041, -0.966240
0.354000, 9.115680, -0.967793
0.355000, 9.060229, -0.969338
0.356000, 9.004690, -0.970872
0.357000, 8.949063, -0.972398
0.358000, 8.893349, -0.973914
0.359000, 8.837548, -0.975421
0.360000, 8.781660, -0.976918
0.361000, 8.725687, -0.978406
0.362000, 8.669628, -0.979884
0.363000, 8.613485, -0.981352
0.364000, 8.557258, -0.982812
0.365000, 8.500947, -0.984261
0.366000, 8.444553, -0.985702
0.367000, 8.388076, -0.987132
0.368000, 8.331518, -0.988553
0.369000, 8.274878, -0.989964
0.370000, 8.218157, -0.991366
0.371000, 8.161356, -0.992758
0.372000, 8.104475, -0.994141
0.373000, 8.047515, -0.995514
0.374000, 7.990476, -0.996877
0.375000, 7.933360, -0.998231
0.376000, 7.876165, -0.999574
0.377000, 7.818894, -1.000908
0.378000, 7.761546, -1.002233
0.379000, 7.704122, -1.003548
0.380000, 7.646623, -1.004852
0.381000, 7.589049, -1.006148
0.382000, 7.531401, -1.007433
0.383000, 7.473680, -1.008708
0.384000, 7.415885, -1.009974
0.385000, 7.358018, -1.011230
0.386000, 7.300078, -1.012476
0.387000, 7.242068, -1.013712
0.388000, 7.183986, -1.014939
0.389000, 7.125835, -1.016155
0.390000, 7.067613, -1.017362
0.391000, 7.009323, -1.018559
0.392000, 6.950964, -1.019746
0.393000, 6.892537, -1.020922
0.394000, 6.834042, -1.022089
0.395000, 6.775481, -1.023246
0.396000, 6.716853, -1.024393
0.397000, 6.658159, -1.025530
0.398000, 6.599401, -1.026657
0.399000, 6.540578, -1.027774
0.400000, 6.481691, -1.028881
0.401000, 6.422740, -1.029978
0.402000, 6.363727, -1.031065
0.403000, 6.304651, -1.032142
0.404000, 6.245514, -1.033209
0.405000, 6.186315, -1.034266
0.406000, 6.127056, -1.035313
0.407000, 6.067737, -1.036349
0.408000, 6.008358, -1.037376
0.409000, 5.948921, -1.038392
0.410000, 5.889426, -1.039398
0.411000, 5.829873, -1.040395
0.412000, 5.770262, -1.041380
0.413000, 5.710596, -1.042356
0.414000, 5.650873, -1.043322
0.415000, 5.591095, -1.044277
0.416000, 5.531262, -1.045223
0.417000, 5.471376, -1.046158
0.418000, 5.411435, -1.047082
0.419000, 5.351442, -1.047997
0.420000, 5.291396, -1.048901
0.421000, 5.231298, -1.049796
0.422000, 5.171149, -1.050680
0.423000, 5.110950, -1.051553
0.424000, 5.050700, -1.052416
0.425000, 4.990401, -1.053270
0.426000, 4.930053, -1.054112
0.427000, 4.869657, -1.054945
0.428000, 4.809213, -1.055767
0.429000, 4.748722, -1.056579
0.430000, 4.688185, -1.057380
0.431000, 4.627601, -1.058172
0.432000, 4.566973, -1.058952
0.433000, 4.506299, -1.059723
0.434000, 4.445582, -1.060483
0.435000, 4.384820, -1.061233
0.436000, 4.324016, -1.061972
0.437000, 4.263170, -1.062701
0.438000, 4.202281, -1.063420
0.439000, 4.141352, -1.064128
0.440000, 4.080382, -1.064826
0.441000, 4.019372, -1.065513
0.442000, 3.958322, -1.066190
0.443000, 3.897234, -1.066857
0.444000, 3.836108, -1.067513
0.445000, 3.774944, -1.068158
0.446000, 3.713743, -1.068794
0.447000, 3.652506, -1.069418
0.448000, 3.591232, -1.070033
0.449000, 3.529924, -1.070636
0.450000, 3.468581, -1.071230
0.451000, 3.407204, -1.071813
0.452000, 3.345794, -1.072385
0.453000, 3.284351, -1.072947
0.454000, 3.222875, -1.073498
0.455000, 3.161368, -1.074039
0.456000, 3.099831, -1.074569
0.457000, 3.038262, -1.075089
0.458000, 2.976664, -1.075598
0.459000, 2.915037, -1.076097
0.460000, 2.853381, -1.076585
0.461000, 2.791697, -1.077063
0.462000, 2.729986, -1.077530
0.463000, 2.668248, -1.077986
0.464000, 2.606484, -1.078432
0.465000, 2.544695, -1.078868
0.466000, 2.482880, -1.079293
0.467000, 2.421041, -1.079707
0.468000, 2.359178, -1.080110
0.469000, 2.297293, -1.080504
0.470000, 2.235384, -1.080886
0.471000, 2.173454, -1.081258
0.472000, 2.111503, -1.081619
0.473000, 2.049530, -1.081970
0.474000, 1.987538, -1.082310
0.475000, 1.925526, -1.082640
0.476000, 1.863496, -1.082959
0.477000, 1.801447, -1.083267
0.478000, 1.739380, -1.083565
0.479000, 1.677296, -1.083852
0.480000, 1.615196, -1.084128
0.481000, 1.553080, -1.084394
0.482000, 1.490949, -1.084649
0.483000, 1.428803, -1.084893
0.484000, 1.366644, -1.085127
0.485000, 1.304470, -1.085351
0.486000, 1.242284, -1.085563
0.487000, 1.180086, -1.085765
0.488000, 1.117876, -1.085956
0.489000, 1.055656, -1.086137
0.490000, 0.993425, -1.086307
0.491000, 0.931184, -1.086467
0.492000, 0.868934, -1.086615
0.493000, 0.806675, -1.086753
0.494000, 0.744409, -1.086881
0.495000, 0.682135, -1.086998
0.496000, 0.619855, -1.087104
0.497000, 0.557568, -1.087199
0.498000, 0.495277, -1.087284
0.499000, 0.432980, -1.087358
0.500000, 0.370679, -1.087421
0.501000, 0.308374, -1.087474
0.502000, 0.246066, -1.087516
0.503000, 0.183756, -1.087548
0.504000, 0.121444, -1.087568
0.505000, 0.059131, -1.087579
0.506000, -0.003182, -1.087578
0.507000, -0.065496, -1.087567
0.508000, -0.127809, -1.087545
0.509000, -0.190121, -1.087512
0.510000, -0.252431, -1.087469
0.511000, -0.314738, -1.087415
0.512000, -0.377042, -1.087351
0.513000, -0.439343, -1.087276
0.514000, -0.501639, -1.087190
0.515000, -0.563931, -1.087093
0.516000, -0.626216, -1.086986
0.517000, -0.688496, -1.086868
0.518000, -0.750769, -1.086740
0.519000, -0.813035, -1.086601
0.520000, -0.875292, -1.086451
0.521000, -0.937541, -1.086290
0.522000, -0.999781, -1.086119
0.523000, -1.062011, -1.085937
0.524000, -1.124231, -1.085745
0.525000, -1.186440, -1.085542
0.526000, -1.248637, -1.085328
0.527000, -1.310821, -1.085104
0.528000, -1.372993, -1.084869
0.529000, -1.435152, -1.084623
0.530000, -1.497296, -1.084367
0.531000, -1.559426, -1.084100
0.532000, -1.621540, -1.083823
0.533000, -1.683638, -1.083535
0.534000, -1.745720, -1.083236
0.535000, -1.807785, -1.082926
0.536000, -1.869832, -1.082607
0.537000, -1.931861, -1.082276
0.538000, -1.993871, -1.081935
0.539000, -2.055861, -1.081583
0.540000, -2.117831, -1.081221
0.541000, -2.179781, -1.080848
0.542000, -2.241709, -1.080464
0.543000, -2.303615, -1.080070
0.544000, -2.365498, -1.079665
0.545000, -2.427358, -1.079250
0.546000, -2.489195, -1.078824
0.547000, -2.551007, -1.078387
0.548000, -2.612794, -1.077940
0.549000, -2.674555, -1.077483
0.550000, -2.736291, -1.077014
0.551000, -2.797999, -1.076536
0.552000, -2.859680, -1.076046
0.553000, -2.921333, -1.075547
0.554000, -2.982957, -1.075036
0.555000, -3.044552, -1.074515
0.556000, -3.106117, -1.073984
0.557000, -3.167652, -1.073442
0.558000, -3.229156, -1.072890
0.559000, -3.290628, -1.072327
0.560000, -3.352068, -1.071754
0.561000, -3.413475, -1.071170
0.562000, -3.474848, -1.070575
0.563000, -3.536188, -1.069970
0.564000, -3.597492, -1.069355
0.565000, -3.658762, -1.068729
0.566000, -3.719996, -1.068093
0.567000, -3.781193, -1.067446
0.568000, -3.842353, -1.066789
0.569000, -3.903475, -1.066121
0.570000, -3.964560, -1.065443
0.571000, -4.025605, -1.064755
0.572000, -4.086611, -1.064056
0.573000, -4.147577, -1.063347
0.574000, -4.208502, -1.062627
0.575000, -4.269386, -1.061897
0.576000, -4.330229, -1.061157
0.577000, -4.391028, -1.060406
0.578000, -4.451785, -1.059645
0.579000, -4.512498, -1.058873
0.580000, -4.573167, -1.058091
0.581000, -4.633791, -1.057299
0.582000, -4.694370, -1.056496
0.583000, -4.754903, -1.055683
0.584000, -4.815389, -1.054860
0.585000, -4.875828, -1.054027
0.586000, -4.936220, -1.053183
0.587000, -4.996563, -1.052329
0.588000, -5.056857, -1.051464
0.589000, -5.117101, -1.050590
0.590000, -5.177295, -1.049705
0.591000, -5.237439, -1.048810
0.592000, -5.297531, -1.047904
0.593000, -5.357572, -1.046989
0.594000, -5.417560, -1.046063
0.595000, -5.477495, -1.045127
0.596000, -5.537376, -1.044180
0.597000, -5.597203, -1.043224
0.598000, -5.656976, -1.042257
0.599000, -5.716693, -1.041280
0.600000, -5.776354, -1.040293
0.601000, -5.835958, -1.039296
0.602000, -5.895505, -1.038289
0.603000, -5.954995, -1.037271
0.604000, -6.014426, -1.036244
0.605000, -6.073798, -1.035206
0.606000, -6.133111, -1.034159
0.607000, -6.192364, -1.033101
0.608000, -6.251557, -1.032033
0.609000, -6.310688, -1.030955
0.610000, -6.369757, -1.029867
0.611000, -6.428764, -1.028769
0.612000, -6.487708, -1.027661
0.613000, -6.546589, -1.026543
0.614000, -6.605405, -1.025415
0.615000, -6.664157, -1.024277
0.616000, -6.722844, -1.023129
0.617000, -6.781465, -1.021971
0.618000, -6.840020, -1.020803
0.619000, -6.898507, -1.019625
0.620000, -6.956928, -1.018437
0.621000, -7.015280, -1.017239
0.622000, -7.073563, -1.016032
0.623000, -7.131778, -1.014814
0.624000, -7.189922, -1.013587
0.625000, -7.247996, -1.012349
0.626000, -7.306000, -1.011102
0.627000, -7.363932, -1.009845
0.628000, -7.421791, -1.008579
0.629000, -7.479579, -1.007302
0.630000, -7.537293, -1.006016
0.631000, -7.594933, -1.004720
0.632000, -7.652500, -1.003414
0.633000, -7.709991, -1.002098
0.634000, -7.767407, -1.000773
0.635000, -7.824747, -0.999438
0.636000, -7.882011, -0.998093
0.637000, -7.939197, -0.996738
0.638000, -7.996306, -0.995374
0.639000, -8.053337, -0.994000
0.640000, -8.110289, -0.992617
0.641000, -8.167161, -0.991224
0.642000, -8.223954, -0.989821
0.643000, -8.280667, -0.988408
0.644000, -8.337298, -0.986986
0.645000, -8.393849, -0.985555
0.646000, -8.450317, -0.984114
0.647000, -8.506702, -0.982663
0.648000, -8.563005, -0.981203
0.649000, -8.619224, -0.979733
0.650000, -8.675358, -0.978254
0.651000, -8.731408, -0.976765
0.652000, -8.787373, -0.975267
0.653000, -8.843251, -0.973760
0.654000, -8.899044, -0.972243
0.655000, -8.954749, -0.970716
0.656000, -9.010367, -0.969180
0.657000, -9.065897, -0.967635
0.658000, -9.121338, -0.966080
0.659000, -9.176691, -0.964516
0.660000, -9.231953, -0.962943
0.661000, -9.287126, -0.961361
0.662000, -9.342208, -0.959769
0.663000, -9.397198, -0.958167
0.664000, -9.452097, -0.956557
0.665000, -9.506904, -0.954937
0.666000, -9.561618, -0.953308
0.667000, -9.616238, -0.951670
0.668000, -9.670765, -0.950023
0.669000, -9.725197, -0.948366
0.670000, -9.779535, -0.946700
0.671000, -9.833777, -0.945026
0.672000, -9.887923, -0.943342
0.673000, -9.941972, -0.941648
0.674000, -9.995925, -0.939946
0.675000, -10.049780, -0.938235
0.676000, -10.103537, -0.936515
0.677000, -10.157195, -0.934785
0.678000, -10.210754, -0.933047
0.679000, -10.264214, -0.931299
0.680000, -10.317573, -0.929543
0.681000, -10.370832, -0.927777
0.682000, -10.423990, -0.926003
0.683000, -10.477046, -0.924220
0.684000, -10.530000, -0.922428
0.685000, -10.582851, -0.920627
0.686000, -10.635599, -0.918817
0.687000, -10.688243, -0.916998
0.688000, -10.740784, -0.915170
0.689000, -10.793219, -0.913334
0.690000, -10.845549, -0.911489
0.691000, -10.897774, -0.909635
0.692000, -10.949892, -0.907772
0.693000, -11.001903, -0.905900
0.694000, -11.053808, -0.904020
0.695000, -11.105604, -0.902131
0.696000, -11.157292, -0.900234
0.697000, -11.208872, -0.898327
0.698000, -11.260342, -0.896412
0.699000, -11.311703, -0.894489
0.700000, -11.362953, -0.892557
0.701000, -11.414093, -0.890616
0.702000, -11.465122, -0.888667
0.703000, -11.516039, -0.886709
0.704000, -11.566843, -0.884742
0.705000, -11.617535, -0.882768
0.706000, -11.668114, -0.880784
0.707000, -11.718579, -0.878793
0.708000, -11.768930, -0.876792
0.709000, -11.819167, -0.874784
0.710000, -11.869288, -0.872767
0.711000, -11.919294, -0.870741
0.712000, -11.969184, -0.868708
0.713000, -12.018957, -0.866665
0.714000, -12.068614, -0.864615
0.715000, -12.118152, -0.862556
0.716000, -12.167573, -0.860489
0.717000, -12.216876, -0.858414
0.718000, -12.266059, -0.856331
0.719000, -12.315123, -0.854239
0.720000, -12.364067, -0.852139
0.721000, -12.412891, -0.850031
0.722000, -12.461595, -0.847915
0.723000, -12.510177, -0.845791
0.724000, -12.558637, -0.843659
0.725000, -12.606975, -0.841518
0.726000, -12.655190, -0.839370
0.727000, -12.703283, -0.837213
0.728000, -12.751251, -0.835049
0.729000, -12.799096, -0.832876
0.730000, -12.846817, -0.830696
0.731000, -12.894412, -0.828507
0.732000, -12.941882, -0.826311
0.733000, -12.989226, -0.824107
0.734000, -13.036444, -0.821895
0.735000, -13.083535, -0.819675
0.736000, -13.130499, -0.817447
0.737000, -13.177335, -0.815211
0.738000, -13.224043, -0.812968
0.739000, -13.270623, -0.810717
0.740000, -13.317074, -0.808458
0.741000, -13.363395, -0.806191
0.742000, -13.409586, -0.803917
0.743000, -13.455647, -0.801635
0.744000, -13.501578, -0.799346
0.745000, -13.547377, -0.797048
0.746000, -13.593044, -0.794744
0.747000, -13.638580, -0.792431
0.748000, -13.683983, -0.790111
0.749000, -13.729253, -0.787784
0.750000, -13.774389, -0.785449
0.751000, -13.819392, -0.783106
0.752000, -13.864261, -0.780757
0.753000, -13.908995, -0.778399
0.754000, -13.953594, -0.776035
0.755000, -13.998057, -0.773662
0.756000, -14.042385, -0.771283
0.757000, -14.086576, -0.768896
0.758000, -14.130631, -0.766502
0.759000, -14.174548, -0.764101
0.760000, -14.218328, -0.761692
0.761000, -14.261970, -0.759276
0.762000, -14.305473, -0.756853
0.763000, -14.348837, -0.754422
0.764000, -14.392063, -0.751985
0.765000, -14.435148, -0.749540
0.766000, -14.478094, -0.747089
0.767000, -14.520899, -0.744630
0.768000, -14.563563, -0.742164
0.769000, -14.606086, -0.739691
0.770000, -14.648467, -0.737211
0.771000, -14.690706, -0.734724
0.772000, -14.732802, -0.732230
0.773000, -14.774756, -0.729729
0.774000, -14.816567, -0.727221
0.775000, -14.858233, -0.724707
0.776000, -14.899756, -0.722185
0.777000, -14.941134, -0.719657
0.778000, -14.982367, -0.717121
0.779000, -15.023455, -0.714579
0.780000, -15.064398, -0.712030
0.781000, -15.105194, -0.709475
0.782000, -15.145844, -0.706913
0.783000, -15.186347, -0.704344
0.784000, -15.226703, -0.701768
0.785000, -15.266911, -0.699186
0.786000, -15.306972, -0.696597
0.787000, -15.346884, -0.694002
0.788000, -15.386647, -0.691400
0.789000, -15.426262, -0.688791
0.790000, -15.465726, -0.686176
0.791000, -15.505041, -0.683554
0.792000, -15.544206, -0.680926
0.793000, -15.583220, -0.678292
0.794000, -15.622084, -0.675651
0.795000, -15.660796, -0.673004
0.796000, -15.699356, -0.670350
0.797000, -15.737764, -0.667690
0.798000, -15.776020, -0.665024
0.799000, -15.814123, -0.662352
0.800000, -15.852073, -0.659673
0.801000, -15.889869, -0.656988
0.802000, -15.927512, -0.654297
0.803000, -15.965001, -0.651600
0.804000, -16.002334, -0.648896
0.805000, -16.039513, -0.646187
0.806000, -16.076537, -0.643471
0.807000, -16.113405, -0.640749
0.808000, -16.150118, -0.638021
0.809000, -16.186674, -0.635288
0.810000, -16.223073, -0.632548
0.811000, -16.259315, -0.629802
0.812000, -16.295400, -0.627050
0.813000, -16.331327, -0.624293
0.814000, -16.367097, -0.621530
0.815000, -16.402708, -0.618760
0.816000, -16.438160, -0.615985
0.817000, -16.473454, -0.613204
0.818000, -16.508588, -0.610418
0.819000, -16.543562, -0.607625
0.820000, -16.578376, -0.604827
0.821000, -16.613030, -0.602023
0.822000, -16.647524, -0.599214
0.823000, -16.681856, -0.596399
0.824000, -16.716027, -0.593578
0.825000, -16.750037, -0.590752
0.826000, -16.783884, -0.587920
0.827000, -16.817570, -0.585083
0.828000, -16.851093, -0.582240
0.829000, -16.884452, -0.579392
0.830000, -16.917649, -0.576538
0.831000, -16.950682, -0.573679
0.832000, -16.983552, -0.570814
0.833000, -17.016257, -0.567945
0.834000, -17.048798, -0.565069
0.835000, -17.081174, -0.562189
0.836000, -17.113385, -0.559303
0.837000, -17.145431, -0.556412
0.838000, -17.177311, -0.553516
0.839000, -17.209025, -0.550615
0.840000, -17.240573, -0.547708
0.841000, -17.271954, -0.544796
0.842000, -17.303169, -0.541880
0.843000, -17.334216, -0.538958
0.844000, -17.365096, -0.536031
0.845000, -17.395808, -0.533099
0.846000, -17.426353, -0.530162
0.847000, -17.456729, -0.527220
0.848000, -17.486936, -0.524274
0.849000, -17.516975, -0.521322
0.850000, -17.546844, -0.518365
0.851000, -17.576545, -0.515404
0.852000, -17.606075, -0.512438
0.853000, -17.635436, -0.509467
0.854000, -17.664626, -0.506491
0.855000, -17.693646, -0.503510
0.856000, -17.722495, -0.500525
0.857000, -17.751173, -0.497535
0.858000, -17.779679, -0.494541
0.859000, -17.808014, -0.491542
0.860000, -17.836178, -0.488538
0.861000, -17.864169, -0.485529
0.862000, -17.891988, -0.482517
0.863000, -17.919634, -0.479499
0.864000, -17.947107, -0.476478
0.865000, -17.974407, -0.473451
0.866000, -18.001534, -0.470421
0.867000, -18.028487, -0.467386
0.868000, -18.055266, -0.464346
0.869000, -18.081871, -0.461302
0.870000, -18.108302, -0.458254
0.871000, -18.134558, -0.455202
0.872000, -18.160639, -0.452145
0.873000, -18.186545, -0.449085
0.874000, -18.212276, -0.446020
0.875000, -18.237831, -0.442951
0.876000, -18.263210, -0.439877
0.877000, -18.288413, -0.436800
0.878000, -18.313440, -0.433719
0.879000, -18.338290, -0.430633
0.880000, -18.362964, -0.427544
0.881000, -18.387460, -0.424450
0.882000, -18.411779, -0.421353
0.883000, -18.435921, -0.418252
0.884000, -18.459885, -0.415146
0.885000, -18.483671, -0.412037
0.886000, -18.507279, -0.408925
0.887000, -18.530709, -0.405808
0.888000, -18.553960, -0.402687
0.889000, -18.577032, -0.399563
0.890000, -18.599926, -0.396435
0.891000, -18.622640, -0.393304
0.892000, -18.645174, -0.390168
0.893000, -18.667529, -0.387030
0.894000, -18.689705, -0.383887
0.895000, -18.711700, -0.380741
0.896000, -18.733515, -0.377592
0.897000, -18.755149, -0.374438
0.898000, -18.776603, -0.371282
0.899000, -18.797876, -0.368122
0.900000, -18.818967, -0.364958
0.901000, -18.839878, -0.361792
0.902000, -18.860607, -0.358622
0.903000, -18.881155, -0.355448
0.904000, -18.901520, -0.352271
0.905000, -18.921704, -0.349091
0.906000, -18.941705, -0.345908
0.907000, -18.961525, -0.342721
0.908000, -18.981161, -0.339532
0.909000, -19.000615, -0.336339
0.910000, -19.019886, -0.333143
0.911000, -19.038973, -0.329944
0.912000, -19.057878, -0.326742
0.913000, -19.076599, -0.323537
0.914000, -19.095136, -0.320328
0.915000, -19.113489, -0.317117
0.916000, -19.131659, -0.313903
0.917000, -19.149644, -0.310686
0.918000, -19.167445, -0.307467
0.919000, -19.185062, -0.304244
0.920000, -19.202494, -0.301018
0.921000, -19.219741, -0.297790
0.922000, -19.236803, -0.294559
0.923000, -19.253680, -0.291325
0.924000, -19.270371, -0.288089
0.925000, -19.286878, -0.284850
0.926000, -19.303198, -0.281608
0.927000, -19.319333, -0.278364
0.928000, -19.335282, -0.275117
0.929000, -19.351046, -0.271867
0.930000, -19.366622, -0.268615
0.931000, -19.382013, -0.265361
0.932000, -19.397217, -0.262104
0.933000, -19.412234, -0.258845
0.934000, -19.427065, -0.255583
0.935000, -19.441709, -0.252319
0.936000, -19.456166, -0.249052
0.937000, -19.470435, -0.245783
0.938000, -19.484518, -0.242512
0.939000, -19.498413, -0.239239
0.940000, -19.512120, -0.235964
0.941000, -19.525640, -0.232686
0.942000, -19.538972, -0.229406
0.943000, -19.552116, -0.226124
0.944000, -19.565072, -0.222840
0.945000, -19.577839, -0.219554
0.946000, -19.590419, -0.216266
0.947000, -19.602810, -0.212976
0.948000, -19.615013, -0.209684
0.949000, -19.627027, -0.206390
0.950000, -19.638852, -0.203094
0.951000, -19.650488, -0.199796
0.952000, -19.661936, -0.196496
0.953000, -19.673194, -0.193195
0.954000, -19.684264, -0.189892
0.955000, -19.695144, -0.186587
0.956000, -19.705834, -0.183280
0.957000, -19.716335, -0.179972
0.958000, -19.726647, -0.176662
0.959000, -19.736769, -0.173350
0.960000, -19.746701, -0.170037
0.961000, -19.756444, -0.166722
0.962000, -19.765996, -0.163405
0.963000, -19.775358, -0.160087
0.964000, -19.784531, -0.156768
0.965000, -19.793513, -0.153447
0.966000, -19.802305, -0.150125
0.967000, -19.810906, -0.146801
0.968000, -19.819317, -0.143476
0.969000, -19.827538, -0.140150
0.970000, -19.835568, -0.136822
0.971000, -19.843407, -0.133493
0.972000, -19.851056, -0.130163
0.973000, -19.858514, -0.126832
0.974000, -19.865781, -0.123500
0.975000, -19.872857, -0.120166
0.976000, -19.879742, -0.116831
0.977000, -19.886436, -0.113495
0.978000, -19.892938, -0.110159
0.979000, -19.899250, -0.106821
0.980000, -19.905370, -0.103482
0.981000, -19.911300, -0.100142
0.982000, -19.917037, -0.096801
0.983000, -19.922584, -0.093460
0.984000, -19.927938, -0.090117
0.985000, -19.933102, -0.086774
0.986000, -19.938074, -0.083430
0.987000, -19.942854, -0.080085
0.988000, -19.947442, -0.076739
0.989000, -19.951839, -0.073393
0.990000, -19.956044, -0.070046
0.991000, -19.960058, -0.066698
0.992000, -19.963879, -0.063350
0.993000, -19.967509, -0.060001
0.994000, -19.970947, -0.056652
0.995000, -19.974192, -0.053302
0.996000, -19.977246, -0.049952
0.997000, -19.980108, -0.046601
0.998000, -19.982778, -0.043249
0.999000, -19.985256, -0.039898
1.000000, -19.987542, -0.036546
1.001000, -19.989636, -0.033193
1.002000, -19.991538, -0.029840
1.003000, -19.993248, -0.026487
1.004000, -19.994766, -0.023134
1.005000, -19.996091, -0.019781
1.006000, -19.997224, -0.016427
1.007000, -19.998166, -0.013073
1.008000, -19.998915, -0.009720
1.009000, -19.999472, -0.006366
1.010000, -19.999836, -0.003011
1.011000, -20.000009, 0.000343
1.012000, -19.999989, 0.003697
1.013000, -19.999777, 0.007051
1.014000, -19.999373, 0.010405
1.015000, -19.998777, 0.013759
1.016000, -19.997989, 0.017112
1.017000, -19.997008, 0.020466
1.018000, -19.995836, 0.023819
1.019000, -19.994471, 0.027172
1.020000, -19.992914, 0.030525
1.021000, -19.991165, 0.033878
1.022000, -19.989224, 0.037230
1.023000, -19.987091, 0.040582
1.024000, -19.984766, 0.043934
1.025000, -19.982249, 0.047285
1.026000, -19.979539, 0.050636
1.027000, -19.976638, 0.053986
1.028000, -19.973545, 0.057336
1.029000, -19.970260, 0.060685
1.030000, -19.966783, 0.064034
1.031000, -19.963114, 0.067382
1.032000, -19.959253, 0.070730
1.033000, -19.955201, 0.074077
1.034000, -19.950956, 0.077423
1.035000, -19.946520, 0.080768
1.036000, -19.941893, 0.084113
1.037000, -19.937073, 0.087457
1.038000, -19.932063, 0.090800
1.039000, -19.926860, 0.094142
1.040000, -19.921466, 0.097484
1.041000, -19.915881, 0.100824
1.042000, -19.910104, 0.104164
1.043000, -19.904136, 0.107503
1.044000, -19.897976, 0.110840
1.045000, -19.891626, 0.114177
1.046000, -19.885084, 0.117513
1.047000, -19.878351, 0.120847
1.048000, -19.871427, 0.124180
1.049000, -19.864312, 0.127513
1.050000, -19.857006, 0.130844
1.051000, -19.849509, 0.134174
1.052000, -19.841821, 0.137502
1.053000, -19.833943, 0.140830
1.054000, -19.825874, 0.144156
1.055000, -19.817615, 0.147480
1.056000, -19.809165, 0.150804
1.057000, -19.800524, 0.154126
1.058000, -19.791693, 0.157446
1.059000, -19.782672, 0.160765
1.060000, -19.773461, 0.164083
1.061000, -19.764060, 0.167399
1.062000, -19.754469, 0.170714
1.063000, -19.744688, 0.174027
1.064000, -19.734717, 0.177338
1.065000, -19.724556, 0.180648
1.066000, -19.714206, 0.183956
1.067000, -19.703666, 0.187262
1.068000, -19.692936, 0.190567
1.069000, -19.682018, 0.193870
1.070000, -19.670910, 0.197171
1.071000, -19.659613, 0.200470
1.072000, -19.648127, 0.203767
1.073000, -19.636452, 0.207063
1.074000, -19.624588, 0.210356
1.075000, -19.612535, 0.213648
1.076000, -19.600294, 0.216938
1.077000, -19.587865, 0.220226
1.078000, -19.575247, 0.223511
1.079000, -19.562440, 0.226795
1.080000, -19.549446, 0.230076
1.081000, -19.536263, 0.233356
1.082000, -19.522893, 0.236633
1.083000, -19.509335, 0.239908
1.084000, -19.495589, 0.243181
1.085000, -19.481656, 0.246451
1.086000, -19.467536, 0.249720
1.087000, -19.453228, 0.252986
1.088000, -19.438733, 0.256249
1.089000, -19.424051, 0.259511
1.090000, -19.409182, 0.262769
1.091000, -19.394126, 0.266026
1.092000, -19.378884, 0.269280
1.093000, -19.363455, 0.272531
1.094000, -19.347841, 0.275780
1.095000, -19.332040, 0.279027
1.096000, -19.316052, 0.282271
1.097000, -19.299880, 0.285512
1.098000, -19.283521, 0.288750
1.099000, -19.266977, 0.291986
1.100000, -19.250247, 0.295219
1.101000, -19.233332, 0.298450
1.102000, -19.216232, 0.301678
1.103000, -19.198948, 0.304903
1.104000, -19.181478, 0.308125
1.105000, -19.163824, 0.311344
1.106000, -19.145985, 0.314560
1.107000, -19.127962, 0.317774
1.108000, -19.109755, 0.320984
1.109000, -19.091364, 0.324192
1.110000, -19.072789, 0.327396
1.111000, -19.054031, 0.330598
1.112000, -19.035089, 0.333796
1.113000, -19.015964, 0.336991
1.114000, -18.996656, 0.340184
1.115000, -18.977165, 0.343373
1.116000, -18.957491, 0.346558
1.117000, -18.937634, 0.349741
1.118000, -18.917596, 0.352920
1.119000, -18.897375, 0.356097
1.120000, -18.876972, 0.359269
1.121000, -18.856387, 0.362439
1.122000, -18.835621, 0.365605
1.123000, -18.814674, 0.368768
1.124000, -18.793545, 0.371927
1.125000, -18.772235, 0.375083
1.126000, -18.750744, 0.378235
1.127000, -18.729073, 0.381384
1.128000, -18.707221, 0.384529
1.129000, -18.685189, 0.387671
1.130000, -18.662977, 0.390809
1.131000, -18.640586, 0.393944
1.132000, -18.618014, 0.397075
1.133000, -18.595264, 0.400202
1.134000, -18.572334, 0.403325
1.135000, -18.549225, 0.406445
1.136000, -18.525937, 0.409561
1.137000, -18.502471, 0.412673
1.138000, -18.478827, 0.415781
1.139000, -18.455004, 0.418886
1.140000, -18.431004, 0.421986
1.141000, -18.406826, 0.425083
1.142000, -18.382471, 0.428175
1.143000, -18.357938, 0.431264
1.144000, -18.333228, 0.434348
1.145000, -18.308342, 0.437429
1.146000, -18.283279, 0.440506
1.147000, -18.258040, 0.443578
1.148000, -18.232625, 0.446646
1.149000, -18.207034, 0.449710
1.150000, -18.181267, 0.452770
1.151000, -18.155326, 0.455826
1.152000, -18.129209, 0.458877
1.153000, -18.102917, 0.461924
1.154000, -18.076451, 0.464967
1.155000, -18.049810, 0.468006
1.156000, -18.022995, 0.471040
1.157000, -17.996007, 0.474070
1.158000, -17.968844, 0.477095
1.159000, -17.941509, 0.480116
1.160000, -17.914000, 0.483132
1.161000, -17.886319, 0.486144
1.162000, -17.858465, 0.489152
1.163000, -17.830438, 0.492155
1.164000, -17.802240, 0.495153
1.165000, -17.773870, 0.498146
1.166000, -17.745328, 0.501135
1.167000, -17.716615, 0.504120
1.168000, -17.687731, 0.507099
1.169000, -17.658677, 0.510074
1.170000, -17.629452, 0.513044
1.171000, -17.600056, 0.516009
1.172000, -17.570491, 0.518970
1.173000, -17.540757, 0.521925
1.174000, -17.510852, 0.524876
1.175000, -17.480779, 0.527822
1.176000, -17.450537, 0.530762
1.177000, -17.420127, 0.533698
1.178000, -17.389548, 0.536629
1.179000, -17.358802, 0.539555
1.180000, -17.327887, 0.542476
1.181000, -17.296806, 0.545392
1.182000, -17.265557, 0.548302
1.183000, -17.234142, 0.551208
1.184000, -17.202560, 0.554108
1.185000, -17.170812, 0.557003
1.186000, -17.138898, 0.559893
1.187000, -17.106818, 0.562778
1.188000, -17.074574, 0.565657
1.189000, -17.042164, 0.568531
1.190000, -17.009589, 0.571400
1.191000, -16.976851, 0.574263
1.192000, -16.943948, 0.577121
1.193000, -16.910881, 0.579974
1.194000, -16.877651, 0.582821
1.195000, -16.844258, 0.585663
1.196000, -16.810702, 0.588499
1.197000, -16.776983, 0.591330
1.198000, -16.743103, 0.594155
1.199000, -16.709060, 0.596974
1.200000, -16.674856, 0.599788
1.201000, -16.640491, 0.602597
1.202000, -16.605964, 0.605399
1.203000, -16.571277, 0.608196
1.204000, -16.536430, 0.610987
1.205000, -16.501423, 0.613773
1.206000, -16.466257, 0.616553
1.207000, -16.430931, 0.619326
1.208000, -16.395446, 0.622094
1.209000, -16.359803, 0.624857
1.210000, -16.324001, 0.627613
1.211000, -16.288042, 0.630364
1.212000, -16.251924, 0.633108
1.213000, -16.215650, 0.635847
1.214000, -16.179219, 0.638579
1.215000, -16.142631, 0.641306
1.216000, -16.105887, 0.644026
1.217000, -16.068987, 0.646741
1.218000, -16.031931, 0.649449
1.219000, -15.994720, 0.652151
1.220000, -15.957355, 0.654847
1.221000, -15.919835, 0.657537
1.222000, -15.882161, 0.660221
1.223000, -15.844333, 0.662898
1.224000, -15.806352, 0.665569
1.225000, -15.768217, 0.668234
1.226000, -15.729930, 0.670893
1.227000, -15.691491, 0.673545
1.228000, -15.652900, 0.676191
1.229000, -15.614157, 0.678831
1.230000, -15.575263, 0.681464
1.231000, -15.536218, 0.684090
1.232000, -15.497022, 0.686711
1.233000, -15.457677, 0.689324
1.234000, -15.418181, 0.691932
1.235000, -15.378537, 0.694532
1.236000, -15.338743, 0.697126
1.237000, -15.298800, 0.699714
1.238000, -15.258710, 0.702295
1.239000, -15.218471, 0.704869
1.240000, -15.178085, 0.707437
1.241000, -15.137552, 0.709998
1.242000, -15.096872, 0.712552
1.243000, -15.056046, 0.715099
1.244000, -15.015074, 0.717640
1.245000, -14.973956, 0.720174
1.246000, -14.932693, 0.722701
1.247000, -14.891285, 0.725221
1.248000, -14.849733, 0.727734
1.249000, -14.808037, 0.730240
1.250000, -14.766198, 0.732740
1.251000, -14.724215, 0.735232
1.252000, -14.682089, 0.737718
1.253000, -14.639821, 0.740197
1.254000, -14.597411, 0.742668
1.255000, -14.554859, 0.745133
1.256000, -14.512166, 0.747590
1.257000, -14.469332, 0.750040
1.258000, -14.426358, 0.752483
1.259000, -14.383244, 0.754920
1.260000, -14.339990, 0.757348
1.261000, -14.296597, 0.759770
1.262000, -14.253066, 0.762184
1.263000, -14.209396, 0.764592
1.264000, -14.165588, 0.766992
1.265000, -14.121643, 0.769384
1.266000, -14.077560, 0.771770
1.267000, -14.033341, 0.774148
1.268000, -13.988986, 0.776518
1.269000, -13.944494, 0.778881
1.270000, -13.899868, 0.781237
1.271000, -13.855106, 0.783586
1.272000, -13.810210, 0.785927
1.273000, -13.765180, 0.788260
1.274000, -13.720016, 0.790586
1.275000, -13.674718, 0.792904
1.276000, -13.629288, 0.795215
1.277000, -13.583726, 0.797518
1.278000, -13.538032, 0.799814
1.279000, -13.492206, 0.802102
1.280000, -13.446249, 0.804382
1.281000, -13.400161, 0.806655
1.282000, -13.353943, 0.808920
1.283000, -13.307595, 0.811177
1.284000, -13.261118, 0.813427
1.285000, -13.214512, 0.815669
1.286000, -13.167778, 0.817903
1.287000, -13.120915, 0.820129
1.288000, -13.073926, 0.822347
1.289000, -13.026809, 0.824558
1.290000, -12.979565, 0.826760
1.291000, -12.932195, 0.828955
1.292000, -12.884699, 0.831142
1.293000, -12.837078, 0.833321
1.294000, -12.789333, 0.835491
1.295000, -12.741463, 0.837654
1.296000, -12.693468, 0.839809
1.297000, -12.645351, 0.841956
1.298000, -12.597110, 0.844095
1.299000, -12.548747, 0.846225
1.300000, -12.500262, 0.848348
1.301000, -12.451655, 0.850463
1.302000, -12.402928, 0.852569
1.303000, -12.354079, 0.854667
1.304000, -12.305110, 0.856757
1.305000, -12.256022, 0.858839
1.306000, -12.206814, 0.860912
1.307000, -12.157487, 0.862978
1.308000, -12.108042, 0.865035
1.309000, -12.058479, 0.867083
1.310000, -12.008799, 0.869124
1.311000, -11.959002, 0.871156
1.312000, -11.909088, 0.873179
1.313000, -11.859059, 0.875195
1.314000, -11.808914, 0.877202
1.315000, -11.758654, 0.879200
1.316000, -11.708280, 0.881190
1.317000, -11.657791, 0.883172
1.318000, -11.607189, 0.885145
1.319000, -11.556474, 0.887109
1.320000, -11.505646, 0.889066
1.321000, -11.454707, 0.891013
1.322000, -11.403655, 0.892952
1.323000, -11.352493, 0.894882
1.324000, -11.301220, 0.896804
1.325000, -11.249837, 0.898717
1.326000, -11.198344, 0.900622
1.327000, -11.146742, 0.902518
1.328000, -11.095032, 0.904405
1.329000, -11.043213, 0.906283
1.330000, -10.991287, 0.908153
1.331000, -10.939254, 0.910014
1.332000, -10.887114, 0.911866
1.333000, -10.834868, 0.913710
1.334000, -10.782516, 0.915544
1.335000, -10.730059, 0.917370
1.336000, -10.677498, 0.919187
1.337000, -10.624832, 0.920995
1.338000, -10.572063, 0.922795
1.339000, -10.519191, 0.924585
1.340000, -10.466216, 0.926366
1.341000, -10.413139, 0.928139
1.342000, -10.359961, 0.929902
1.343000, -10.306681, 0.931657
1.344000, -10.253301, 0.933403
1.345000, -10.199821, 0.935139
1.346000, -10.146242, 0.936867
1.347000, -10.092563, 0.938585
1.348000, -10.038786, 0.940295
1.349000, -9.984911, 0.941995
1.350000, -9.930939, 0.943686
1.351000, -9.876870, 0.945368
1.352000, -9.822704, 0.947041
1.353000, -9.768443, 0.948705
1.354000, -9.714086, 0.950360
1.355000, -9.659634, 0.952005
1.356000, -9.605088, 0.953642
1.357000, -9.550449, 0.955269
1.358000, -9.495716, 0.956887
1.359000, -9.440890, 0.958495
1.360000, -9.385972, 0.960095
1.361000, -9.330963, 0.961685
1.362000, -9.275863, 0.963265
1.363000, -9.220672, 0.964837
1.364000, -9.165390, 0.966399
1.365000, -9.110020, 0.967951
1.366000, -9.054560, 0.969495
1.367000, -8.999012, 0.971029
1.368000, -8.943377, 0.972553
1.369000, -8.887653, 0.974068
1.370000, -8.831843, 0.975574
1.371000, -8.775947, 0.977070
1.372000, -8.719965, 0.978557
1.373000, -8.663898, 0.980034
1.374000, -8.607746, 0.981502
1.375000, -8.551510, 0.982960
1.376000, -8.495191, 0.984409
1.377000, -8.438788, 0.985848
1.378000, -8.382303, 0.987278
1.379000, -8.325736, 0.988698
1.380000, -8.269088, 0.990108
1.381000, -8.212359, 0.991509
1.382000, -8.155550, 0.992900
1.383000, -8.098661, 0.994282
1.384000, -8.041693, 0.995653
1.385000, -7.984646, 0.997016
1.386000, -7.927521, 0.998368
1.387000, -7.870319, 0.999711
1.388000, -7.813040, 1.001044
1.389000, -7.755684, 1.002368
1.390000, -7.698253, 1.003681
1.391000, -7.640746, 1.004985
1.392000, -7.583165, 1.006279
1.393000, -7.525509, 1.007564
1.394000, -7.467780, 1.008838
1.395000, -7.409978, 1.010103
1.396000, -7.352103, 1.011358
1.397000, -7.294157, 1.012603
1.398000, -7.236139, 1.013838
1.399000, -7.178050, 1.015064
1.400000, -7.119891, 1.016279
1.401000, -7.061663, 1.017485
1.402000, -7.003365, 1.018680
1.403000, -6.944999, 1.019866
1.404000, -6.886565, 1.021042
1.405000, -6.828064, 1.022208
1.406000, -6.769495, 1.023364
1.407000, -6.710861, 1.024510
1.408000, -6.652161, 1.025646
1.409000, -6.593396, 1.026772
1.410000, -6.534566, 1.027888
1.411000, -6.475672, 1.028994
1.412000, -6.416715, 1.030090
1.413000, -6.357696, 1.031176
1.414000, -6.298613, 1.032252
1.415000, -6.239470, 1.033318
1.416000, -6.180265, 1.034373
1.417000, -6.121000, 1.035419
1.418000, -6.061675, 1.036455
1.419000, -6.002290, 1.037480
1.420000, -5.942847, 1.038495
1.421000, -5.883346, 1.039501
1.422000, -5.823787, 1.040496
1.423000, -5.764171, 1.041481
1.424000, -5.704498, 1.042455
1.425000, -5.644770, 1.043420
1.426000, -5.584986, 1.044374
1.427000, -5.525148, 1.045319
1.428000, -5.465256, 1.046253
1.429000, -5.405310, 1.047176
1.430000, -5.345311, 1.048090
1.431000, -5.285260, 1.048993
1.432000, -5.225157, 1.049886
1.433000, -5.165003, 1.050769
1.434000, -5.104798, 1.051642
1.435000, -5.044544, 1.052504
1.436000, -4.984240, 1.053356
1.437000, -4.923887, 1.054198
1.438000, -4.863486, 1.055029
1.439000, -4.803037, 1.055850
1.440000, -4.742541, 1.056661
1.441000, -4.681999, 1.057462
1.442000, -4.621411, 1.058252
1.443000, -4.560778, 1.059032
1.444000, -4.500100, 1.059801
1.445000, -4.439377, 1.060560
1.446000, -4.378612, 1.061309
1.447000, -4.317803, 1.062047
1.448000, -4.256952, 1.062775
1.449000, -4.196060, 1.063493
1.450000, -4.135126, 1.064200
1.451000, -4.074152, 1.064897
1.452000, -4.013138, 1.065583
1.453000, -3.952085, 1.066259
1.454000, -3.890993, 1.066924
1.455000, -3.829862, 1.067579
1.456000, -3.768694, 1.068224
1.457000, -3.707490, 1.068858
1.458000, -3.646249, 1.069482
1.459000, -3.584972, 1.070095
1.460000, -3.523660, 1.070697
1.461000, -3.462314, 1.071290
1.462000, -3.400933, 1.071871
1.463000, -3.339519, 1.072443
1.464000, -3.278073, 1.073004
1.465000, -3.216594, 1.073554
1.466000, -3.155084, 1.074094
1.467000, -3.093543, 1.074623
1.468000, -3.031972, 1.075141
1.469000, -2.970371, 1.075650
1.470000, -2.908741, 1.076147
1.471000, -2.847082, 1.076634
1.472000, -2.785395, 1.077111
1.473000, -2.723682, 1.077577
1.474000, -2.661941, 1.078032
1.475000, -2.600174, 1.078477
1.476000, -2.538382, 1.078912
1.477000, -2.476565, 1.079335
1.478000, -2.414724, 1.079749
1.479000, -2.352859, 1.080151
1.480000, -2.290970, 1.080543
1.481000, -2.229060, 1.080925
1.482000, -2.167127, 1.081295
1.483000, -2.105174, 1.081656
1.484000, -2.043199, 1.082005
1.485000, -1.981205, 1.082344
1.486000, -1.919191, 1.082673
1.487000, -1.857159, 1.082991
1.488000, -1.795108, 1.083298
1.489000, -1.733040, 1.083594
1.490000, -1.670954, 1.083880
1.491000, -1.608852, 1.084156
1.492000, -1.546735, 1.084420
1.493000, -1.484602, 1.084674
1.494000, -1.422455, 1.084918
1.495000, -1.360294, 1.085151
1.496000, -1.298119, 1.085373
1.497000, -1.235932, 1.085584
1.498000, -1.173733, 1.085785
1.499000, -1.111522, 1.085975
1.500000, -1.049300, 1.086155
1.501000, -0.987068, 1.086324
1.502000, -0.924826, 1.086482
1.503000, -0.862575, 1.086630
1.504000, -0.800316, 1.086767
1.505000, -0.738049, 1.086893
1.506000, -0.675774, 1.087009
1.507000, -0.613493, 1.087114
1.508000, -0.551206, 1.087208
1.509000, -0.488914, 1.087292
1.510000, -0.426617, 1.087365
1.511000, -0.364315, 1.087427
1.512000, -0.302010, 1.087479
1.513000, -0.239702, 1.087520
1.514000, -0.177392, 1.087550
1.515000, -0.115080, 1.087570
1.516000, -0.052767, 1.087579
1.517000, 0.009547, 1.087577
1.518000, 0.071861, 1.087565
1.519000, 0.134174, 1.087542
1.520000, 0.196485, 1.087509
1.521000, 0.258795, 1.087464
1.522000, 0.321102, 1.087409
1.523000, 0.383406, 1.087344
1.524000, 0.445706, 1.087267
1.525000, 0.508002, 1.087180
1.526000, 0.570293, 1.087083
1.527000, 0.632578, 1.086975
1.528000, 0.694857, 1.086856
1.529000, 0.757129, 1.086726
1.530000, 0.819394, 1.086586
1.531000, 0.881651, 1.086435
1.532000, 0.943899, 1.086273
1.533000, 1.006138, 1.086101
1.534000, 1.068367, 1.085918
1.535000, 1.130585, 1.085725
1.536000, 1.192793, 1.085521
1.537000, 1.254989, 1.085306
1.538000, 1.317172, 1.085080
1.539000, 1.379343, 1.084844
1.540000, 1.441500, 1.084598
1.541000, 1.503642, 1.084340
1.542000, 1.565771, 1.084072
1.543000, 1.627883, 1.083794
1.544000, 1.689980, 1.083505
1.545000, 1.752060, 1.083205
1.546000, 1.814123, 1.082894
1.547000, 1.876169, 1.082573
1.548000, 1.938196, 1.082242
1.549000, 2.000203, 1.081899
1.550000, 2.062192, 1.081546
1.551000, 2.124160, 1.081183
1.552000, 2.186107, 1.080809
1.553000, 2.248033, 1.080424
1.554000, 2.309937, 1.080029
1.555000, 2.371818, 1.079623
1.556000, 2.433675, 1.079207
1.557000, 2.495509, 1.078780
1.558000, 2.557319, 1.078342
1.559000, 2.619103, 1.077894
1.560000, 2.680862, 1.077435
1.561000, 2.742595, 1.076966
1.562000, 2.804300, 1.076486
1.563000, 2.865978, 1.075996
1.564000, 2.927628, 1.075495
1.565000, 2.989250, 1.074984
1.566000, 3.050842, 1.074462
1.567000, 3.112404, 1.073929
1.568000, 3.173936, 1.073386
1.569000, 3.235436, 1.072833
1.570000, 3.296905, 1.072269
1.571000, 3.358341, 1.071694
1.572000, 3.419745, 1.071109
1.573000, 3.481115, 1.070514
1.574000, 3.542451, 1.069908
1.575000, 3.603752, 1.069292
1.576000, 3.665018, 1.068665
1.577000, 3.726248, 1.068027
1.578000, 3.787441, 1.067380
1.579000, 3.848598, 1.066721
1.580000, 3.909716, 1.066053
1.581000, 3.970797, 1.065374
1.582000, 4.031838, 1.064684
1.583000, 4.092840, 1.063984
1.584000, 4.153802, 1.063274
1.585000, 4.214723, 1.062553
1.586000, 4.275603, 1.061822
1.587000, 4.336441, 1.061080
1.588000, 4.397236, 1.060329
1.589000, 4.457988, 1.059566
1.590000, 4.518697, 1.058794
1.591000, 4.579362, 1.058011
1.592000, 4.639981, 1.057217
1.593000, 4.700555, 1.056414
1.594000, 4.761083, 1.055600
1.595000, 4.821565, 1.054776
1.596000, 4.881999, 1.053941
1.597000, 4.942385, 1.053096
1.598000, 5.002723, 1.052241
1.599000, 5.063012, 1.051376
1.600000, 5.123252, 1.050500
1.601000, 5.183441, 1.049614
1.602000, 5.243579, 1.048718
1.603000, 5.303666, 1.047811
1.604000, 5.363701, 1.046894
1.605000, 5.423684, 1.045967
1.606000, 5.483614, 1.045030
1.607000, 5.543489, 1.044083
1.608000, 5.603311, 1.043125
1.609000, 5.663078, 1.042158
1.610000, 5.722789, 1.041180
1.611000, 5.782444, 1.040192
1.612000, 5.842043, 1.039194
1.613000, 5.901584, 1.038185
1.614000, 5.961068, 1.037167
1.615000, 6.020493, 1.036138
1.616000, 6.079859, 1.035100
1.617000, 6.139166, 1.034051
1.618000, 6.198413, 1.032992
1.619000, 6.257599, 1.031923
1.620000, 6.316724, 1.030844
1.621000, 6.375787, 1.029755
1.622000, 6.434788, 1.028656
1.623000, 6.493725, 1.027547
1.624000, 6.552599, 1.026428
1.625000, 6.611409, 1.025299
1.626000, 6.670155, 1.024160
1.627000, 6.728835, 1.023011
1.628000, 6.787449, 1.021852
1.629000, 6.845997, 1.020683
1.630000, 6.904477, 1.019504
1.631000, 6.962891, 1.018315
1.632000, 7.021236, 1.017116
1.633000, 7.079512, 1.015908
1.634000, 7.137720, 1.014689
1.635000, 7.195857, 1.013461
1.636000, 7.253924, 1.012223
1.637000, 7.311920, 1.010974
1.638000, 7.369845, 1.009716
1.639000, 7.427697, 1.008449
1.640000, 7.485477, 1.007171
1.641000, 7.543184, 1.005884
1.642000, 7.600817, 1.004587
1.643000, 7.658375, 1.003280
1.644000, 7.715859, 1.001963
1.645000, 7.773267, 1.000637
1.646000, 7.830599, 0.999301
1.647000, 7.887855, 0.997955
1.648000, 7.945034, 0.996599
1.649000, 8.002135, 0.995234
1.650000, 8.059157, 0.993859
1.651000, 8.116101, 0.992475
1.652000, 8.172966, 0.991081
1.653000, 8.229751, 0.989677
1.654000, 8.286455, 0.988264
1.655000, 8.343078, 0.986841
1.656000, 8.399620, 0.985408
1.657000, 8.456080, 0.983966
1.658000, 8.512457, 0.982514
1.659000, 8.568751, 0.981053
1.660000, 8.624961, 0.979583
1.661000, 8.681087, 0.978102
1.662000, 8.737128, 0.976613
1.663000, 8.793084, 0.975114
1.664000, 8.848954, 0.973605
1.665000, 8.904737, 0.972087
1.666000, 8.960434, 0.970560
1.667000, 9.016043, 0.969023
1.668000, 9.071564, 0.967477
1.669000, 9.126996, 0.965921
1.670000, 9.182339, 0.964356
1.671000, 9.237593, 0.962782
1.672000, 9.292756, 0.961198
1.673000, 9.347829, 0.959606
1.674000, 9.402810, 0.958003
1.675000, 9.457700, 0.956392
1.676000, 9.512497, 0.954771
1.677000, 9.567201, 0.953141
1.678000, 9.621812, 0.951502
1.679000, 9.676329, 0.949854
1.680000, 9.730752, 0.948196
1.681000, 9.785079, 0.946530
1.682000, 9.839312, 0.944854
1.683000, 9.893448, 0.943169
1.684000, 9.947487, 0.941475
1.685000, 10.001430, 0.939772
1.686000, 10.055275, 0.938060
1.687000, 10.109022, 0.936338
1.688000, 10.162670, 0.934608
1.689000, 10.216219, 0.932869
1.690000, 10.269668, 0.931120
1.691000, 10.323018, 0.929363
1.692000, 10.376266, 0.927597
1.693000, 10.429414, 0.925821
1.694000, 10.482459, 0.924037
1.695000, 10.535403, 0.922244
1.696000, 10.588243, 0.920442
1.697000, 10.640981, 0.918631
1.698000, 10.693615, 0.916812
1.699000, 10.746144, 0.914983
1.700000, 10.798569, 0.913146
1.701000, 10.850888, 0.911300
1.702000, 10.903102, 0.909445
1.703000, 10.955209, 0.907581
1.704000, 11.007210, 0.905709
1.705000, 11.059103, 0.903828
1.706000, 11.110888, 0.901938
1.707000, 11.162566, 0.900039
1.708000, 11.214134, 0.898132
1.709000, 11.265593, 0.896216
1.710000, 11.316943, 0.894292
1.711000, 11.368182, 0.892359
1.712000, 11.419310, 0.890417
1.713000, 11.470327, 0.888467
1.714000, 11.521233, 0.886508
1.715000, 11.572026, 0.884541
1.716000, 11.622707, 0.882565
1.717000, 11.673274, 0.880581
1.718000, 11.723727, 0.878589
1.719000, 11.774067, 0.876588
1.720000, 11.824292, 0.874578
1.721000, 11.874401, 0.872560
1.722000, 11.924395, 0.870534
1.723000, 11.974273, 0.868499
1.724000, 12.024034, 0.866456
1.725000, 12.073679, 0.864405
1.726000, 12.123206, 0.862346
1.727000, 12.172614, 0.860278
1.728000, 12.221905, 0.858202
1.729000, 12.271076, 0.856117
1.730000, 12.320128, 0.854025
1.731000, 12.369060, 0.851924
1.732000, 12.417872, 0.849815
1.733000, 12.466562, 0.847699
1.734000, 12.515132, 0.845573
1.735000, 12.563580, 0.843440
1.736000, 12.611905, 0.841299
1.737000, 12.660108, 0.839150
1.738000, 12.708188, 0.836992
1.739000, 12.756144, 0.834827
1.740000, 12.803976, 0.832654
1.741000, 12.851684, 0.830473
1.742000, 12.899266, 0.828283
1.743000, 12.946723, 0.826086
1.744000, 12.994055, 0.823881
1.745000, 13.041260, 0.821668
1.746000, 13.088338, 0.819447
1.747000, 13.135289, 0.817219
1.748000, 13.182112, 0.814983
1.749000, 13.228807, 0.812738
1.750000, 13.275373, 0.810486
1.751000, 13.321811, 0.808227
1.752000, 13.368119, 0.805959
1.753000, 13.414297, 0.803684
1.754000, 13.460345, 0.801402
1.755000, 13.506261, 0.799111
1.756000, 13.552047, 0.796813
1.757000, 13.597701, 0.794508
1.758000, 13.643223, 0.792195
1.759000, 13.688613, 0.789874
1.760000, 13.733869, 0.787546
1.761000, 13.778992, 0.785210
1.762000, 13.823981, 0.782867
1.763000, 13.868836, 0.780516
1.764000, 13.913556, 0.778158
1.765000, 13.958142, 0.775793
1.766000, 14.002591, 0.773420
1.767000, 14.046905, 0.771039
1.768000, 14.091082, 0.768652
1.769000, 14.135123, 0.766257
1.770000, 14.179026, 0.763855
1.771000, 14.222792, 0.761445
1.772000, 14.266419, 0.759029
1.773000, 14.309909, 0.756605
1.774000, 14.353259, 0.754174
1.775000, 14.396470, 0.751736
1.776000, 14.439541, 0.749290
1.777000, 14.482472, 0.746838
1.778000, 14.525263, 0.744378
1.779000, 14.567913, 0.741912
1.780000, 14.610421, 0.739438
1.781000, 14.652788, 0.736957
1.782000, 14.695012, 0.734469
1.783000, 14.737094, 0.731975
1.784000, 14.779033, 0.729473
1.785000, 14.820829, 0.726965
1.786000, 14.862481, 0.724449
1.787000, 14.903989, 0.721927
1.788000, 14.945352, 0.719398
1.789000, 14.986571, 0.716862
1.790000, 15.027644, 0.714319
1.791000, 15.068571, 0.711770
1.792000, 15.109353, 0.709214
1.793000, 15.149988, 0.706651
1.794000, 15.190476, 0.704081
1.795000, 15.230817, 0.701505
1.796000, 15.271010, 0.698922
1.797000, 15.311055, 0.696332
1.798000, 15.350952, 0.693736
1.799000, 15.390700, 0.691133
1.800000, 15.430299, 0.688524
1.801000, 15.469749, 0.685909
1.802000, 15.509048, 0.683286
1.803000, 15.548198, 0.680658
1.804000, 15.587197, 0.678023
1.805000, 15.626045, 0.675381
1.806000, 15.664741, 0.672733
1.807000, 15.703286, 0.670079
1.808000, 15.741678, 0.667418
1.809000, 15.779919, 0.664752
1.810000, 15.818006, 0.662078
1.811000, 15.855941, 0.659399
1.812000, 15.893721, 0.656713
1.813000, 15.931348, 0.654022
1.814000, 15.968821, 0.651324
1.815000, 16.006139, 0.648620
1.816000, 16.043302, 0.645909
1.817000, 16.080310, 0.643193
1.818000, 16.117162, 0.640471
1.819000, 16.153859, 0.637742
1.820000, 16.190399, 0.635008
1.821000, 16.226782, 0.632268
1.822000, 16.263008, 0.629521
1.823000, 16.299077, 0.626769
1.824000, 16.334988, 0.624011
1.825000, 16.370741, 0.621247
1.826000, 16.406336, 0.618477
1.827000, 16.441772, 0.615701
1.828000, 16.477049, 0.612920
1.829000, 16.512167, 0.610133
1.830000, 16.547125, 0.607340
1.831000, 16.581923, 0.604541
1.832000, 16.616561, 0.601737
1.833000, 16.651038, 0.598927
1.834000, 16.685354, 0.596111
1.835000, 16.719508, 0.593290
1.836000, 16.753501, 0.590463
1.837000, 16.787332, 0.587631
1.838000, 16.821001, 0.584793
1.839000, 16.854507, 0.581949
1.840000, 16.887851, 0.579101
1.841000, 16.921031, 0.576246
1.842000, 16.954047, 0.573387
1.843000, 16.986900, 0.570522
1.844000, 17.019588, 0.567651
1.845000, 17.052112, 0.564775
1.846000, 17.084471, 0.561894
1.847000, 17.116666, 0.559008
1.848000, 17.148694, 0.556117
1.849000, 17.180558, 0.553220
1.850000, 17.212255, 0.550318
1.851000, 17.243786, 0.547411
1.852000, 17.275150, 0.544499
1.853000, 17.306348, 0.541581
1.854000, 17.337378, 0.538659
1.855000, 17.368241, 0.535732
1.856000, 17.398936, 0.532799
1.857000, 17.429463, 0.529862
1.858000, 17.459822, 0.526920
1.859000, 17.490012, 0.523972
1.860000, 17.520034, 0.521020
1.861000, 17.549886, 0.518063
1.862000, 17.579569, 0.515101
1.863000, 17.609082, 0.512134
1.864000, 17.638425, 0.509163
1.865000, 17.667598, 0.506187
1.866000, 17.696600, 0.503206
1.867000, 17.725432, 0.500220
1.868000, 17.754092, 0.497230
1.869000, 17.782581, 0.494235
1.870000, 17.810899, 0.491235
1.871000, 17.839045, 0.488231
1.872000, 17.867018, 0.485222
1.873000, 17.894819, 0.482209
1.874000, 17.922448, 0.479191
1.875000, 17.949903, 0.476169
1.876000, 17.977186, 0.473142
1.877000, 18.004295, 0.470111
1.878000, 18.031230, 0.467075
1.879000, 18.057992, 0.464035
1.880000, 18.084579, 0.460991
1.881000, 18.110992, 0.457943
1.882000, 18.137230, 0.454890
1.883000, 18.163293, 0.451833
1.884000, 18.189181, 0.448772
1.885000, 18.214894, 0.445706
1.886000, 18.240431, 0.442637
1.887000, 18.265793, 0.439563
1.888000, 18.290978, 0.436485
1.889000, 18.315986, 0.433404
1.890000, 18.340819, 0.430318
1.891000, 18.365474, 0.427228
1.892000, 18.389952, 0.424134
1.893000, 18.414253, 0.421036
1.894000, 18.438377, 0.417935
1.895000, 18.462323, 0.414829
1.896000, 18.486091, 0.411720
1.897000, 18.509681, 0.408606
1.898000, 18.533092, 0.405489
1.899000, 18.556325, 0.402369
1.900000, 18.579379, 0.399244
1.901000, 18.602254, 0.396116
1.902000, 18.624950, 0.392984
1.903000, 18.647466, 0.389848
1.904000, 18.669803, 0.386709
1.905000, 18.691959, 0.383566
1.906000, 18.713936, 0.380420
1.907000, 18.735733, 0.377270
1.908000, 18.757349, 0.374116
1.909000, 18.778784, 0.370959
1.910000, 18.800038, 0.367799
1.911000, 18.821112, 0.364635
1.912000, 18.842004, 0.361468
1.913000, 18.862714, 0.358298
1.914000, 18.883243, 0.355124
1.915000, 18.903590, 0.351947
1.916000, 18.923755, 0.348766
1.917000, 18.943738, 0.345583
1.918000, 18.963539, 0.342396
1.919000, 18.983156, 0.339206
1.920000, 19.002591, 0.336013
1.921000, 19.021844, 0.332816
1.922000, 19.040913, 0.329617
1.923000, 19.059798, 0.326415
1.924000, 19.078500, 0.323209
1.925000, 19.097019, 0.320001
1.926000, 19.115354, 0.316789
1.927000, 19.133504, 0.313575
1.928000, 19.151471, 0.310358
1.929000, 19.169253, 0.307138
1.930000, 19.186851, 0.303915
1.931000, 19.204264, 0.300689
1.932000, 19.221492, 0.297460
1.933000, 19.238535, 0.294229
1.934000, 19.255393, 0.290995
1.935000, 19.272066, 0.287758
1.936000, 19.288553, 0.284519
1.937000, 19.304855, 0.281277
1.938000, 19.320971, 0.278032
1.939000, 19.336901, 0.274785
1.940000, 19.352645, 0.271535
1.941000, 19.368203, 0.268283
1.942000, 19.383574, 0.265028
1.943000, 19.398759, 0.261771
1.944000, 19.413758, 0.258511
1.945000, 19.428569, 0.255249
1.946000, 19.443194, 0.251985
1.947000, 19.457632, 0.248718
1.948000, 19.471882, 0.245449
1.949000, 19.485946, 0.242178
1.950000, 19.499821, 0.238905
1.951000, 19.513510, 0.235629
1.952000, 19.527010, 0.232351
1.953000, 19.540323, 0.229071
1.954000, 19.553448, 0.225789
1.955000, 19.566384, 0.222505
1.956000, 19.579133, 0.219218
1.957000, 19.591693, 0.215930
1.958000, 19.604065, 0.212640
1.959000, 19.616248, 0.209347
1.960000, 19.628243, 0.206053
1.961000, 19.640049, 0.202757
1.962000, 19.651666, 0.199459
1.963000, 19.663094, 0.196159
1.964000, 19.674334, 0.192858
1.965000, 19.685384, 0.189554
1.966000, 19.696244, 0.186249
1.967000, 19.706915, 0.182942
1.968000, 19.717397, 0.179634
1.969000, 19.727690, 0.176323
1.970000, 19.737792, 0.173012
1.971000, 19.747705, 0.169698
1.972000, 19.757428, 0.166383
1.973000, 19.766961, 0.163066
1.974000, 19.776304, 0.159748
1.975000, 19.785457, 0.156429
1.976000, 19.794420, 0.153108
1.977000, 19.803192, 0.149785
1.978000, 19.811774, 0.146462
1.979000, 19.820166, 0.143137
1.980000, 19.828367, 0.139810
1.981000, 19.836377, 0.136482
1.982000, 19.844197, 0.133153
1.983000, 19.851826, 0.129823
1.984000, 19.859265, 0.126492
1.985000, 19.866512, 0.123159
1.986000, 19.873569, 0.119825
1.987000, 19.880434, 0.116491
1.988000, 19.887109, 0.113155
1.989000, 19.893592, 0.109818
1.990000, 19.899884, 0.106480
1.991000, 19.905985, 0.103141
1.992000, 19.911894, 0.099801
1.993000, 19.917613, 0.096460
1.994000, 19.923139, 0.093118
1.995000, 19.928475, 0.089776
1.996000, 19.933618, 0.086432
1.997000, 19.938571, 0.083088
1.998000, 19.943331, 0.079743
1.999000, 19.947900, 0.076398
2.000000, 19.952277, 0.073051
2.001000, 19.956463, 0.069704
2.002000, 19.960457, 0.066356
2.003000, 19.964259, 0.063008
2.004000, 19.967869, 0.059659
2.005000, 19.971287, 0.056310
2.006000, 19.974513, 0.052960
2.007000, 19.977548, 0.049609
2.008000, 19.980390, 0.046258
2.009000, 19.983040, 0.042907
2.010000, 19.985499, 0.039555
2.011000, 19.987765, 0.036203
2.012000, 19.989839, 0.032851
2.013000, 19.991722, 0.029498
2.014000, 19.993412, 0.026145
2.015000, 19.994910, 0.022792
2.016000, 19.996216, 0.019438
2.017000, 19.997329, 0.016085
2.018000, 19.998251, 0.012731
2.019000, 19.998980, 0.009377
2.020000, 19.999518, 0.006023
2.021000, 19.999863, 0.002669
2.022000, 20.000016, -0.000685